705111,LX-Soft-Thigh-Pelvis-connect-Skin-L
705112,LX-Soft-Thigh-Pelvis-connect-Tissue-L
705113,LX-Soft-Thigh-Pelvis-connect-Rigid-L
705114,LX-Soft-Thigh-Pelvis-connect-Null-L
705121,LX-Soft-Thigh-Skin-L
705122,LX-Soft-Thigh-Tissue-L
705123,LX-Soft-Thigh-Rigid-L
705124,LX-Soft-Thigh-Null-L
705131,LX-Soft-Knee-Skin-L
705132,LX-Soft-Knee-Tissue-L
705133,LX-Soft-Knee-Rigid-L
705134,LX-Soft-Knee-Null-L
705141,LX-Soft-LowerLeg-Skin-L
705142,LX-Soft-LowerLeg-Tissue-L
705143,LX-Soft-LowerLeg-Rigid-L
705144,LX-Soft-LowerLeg-Null-L
705151,LX-Soft-LoweLeg-Interior-Anterior-Skin-L
705152,LX-Soft-LoweLeg-Interior-Anterior-Tissue-L
705153,LX-Soft-LoweLeg-Interior-Anterior-Rigid-L
705154,LX-Soft-LoweLeg-Interior-Anterior-Null-L
705161,LX-Soft-LowerLeg-Interior-Posterior-Skin-L
705162,LX-Soft-LowerLeg-Interior-Posterior-Tissue-L
705163,LX-Soft-LowerLeg-Interior-Posterior-Rigid-L
705164,LX-Soft-LowerLeg-Interior-Posterior-Null-L
705171,LX-Soft-LowerLeg-Interosseous-Skin-L
705172,LX-Soft-LowerLeg-Interosseous-Tissue-L
705173,LX-Soft-LowerLeg-Interosseous-Rigid-L
705174,LX-Soft-LowerLeg-Interosseous-Null-L
705181,LX-Soft-Ankle-Skin-L
705182,LX-Soft-Ankle-Tissue-L
705183,LX-Soft-Ankle-Rigid-L
705184,LX-Soft-Ankle-Null-L
705191,LX-Soft-Foot-Skin-L
705192,LX-Soft-Foot-Tissue-L
705193,LX-Soft-Foot-Rigid-L
705194,LX-Soft-Foot-Null-L
755111,LX-Soft-Thigh-Pelvis-connect-Skin-R
755112,LX-Soft-Thigh-Pelvis-connect-Tissue-R
755113,LX-Soft-Thigh-Pelvis-connect-Rigid-R
755114,LX-Soft-Thigh-Pelvis-connect-Null-R
755121,LX-Soft-Thigh-Skin-R
755122,LX-Soft-Thigh-Tissue-R
755123,LX-Soft-Thigh-Rigid-R
755124,LX-Soft-Thigh-Null-R
755131,LX-Soft-Knee-Skin-R
755132,LX-Soft-Knee-Tissue-R
755133,LX-Soft-Knee-Rigid-R
755134,LX-Soft-Knee-Null-R
755141,LX-Soft-LowerLeg-Skin-R
755142,LX-Soft-LowerLeg-Tissue-R
755143,LX-Soft-LowerLeg-Rigid-R
755144,LX-Soft-LowerLeg-Null-R
755151,LX-Soft-LoweLeg-Interior-Anterior-Skin-R
755152,LX-Soft-LoweLeg-Interior-Anterior-Tissue-R
755153,LX-Soft-LoweLeg-Interior-Anterior-Rigid-R
755154,LX-Soft-LoweLeg-Interior-Anterior-Null-R
755161,LX-Soft-LowerLeg-Interior-Posterior-Skin-R
755162,LX-Soft-LowerLeg-Interior-Posterior-Tissue-R
755163,LX-Soft-LowerLeg-Interior-Posterior-Rigid-R
755164,LX-Soft-LowerLeg-Interior-Posterior-Null-R
755171,LX-Soft-LowerLeg-Interosseous-Skin-R
755172,LX-Soft-LowerLeg-Interosseous-Tissue-R
755173,LX-Soft-LowerLeg-Interosseous-Rigid-R
755174,LX-Soft-LowerLeg-Interosseous-Null-R
755181,LX-Soft-Ankle-Skin-R
755182,LX-Soft-Ankle-Tissue-R
755183,LX-Soft-Ankle-Rigid-R
755184,LX-Soft-Ankle-Null-R
755191,LX-Soft-Foot-Skin-R
755192,LX-Soft-Foot-Tissue-R
755193,LX-Soft-Foot-Rigid-R
755194,LX-Soft-Foot-Null-R
