305101,UX-Soft-whole-interior-Skin-L
305102,UX-Soft-whole-interior-Fat-Tissue-L
305103,UX-Soft-whole-interior-Muscle-Tissue-L
305108,UX-Soft-whole-interior-Rigid-L
305109,UX-Soft-whole-interior-Null-L
305111,UX-Soft-Torso-connect-Skin-L
305112,UX-Soft-Torso-connect-Fat-Tissue-L
305113,UX-Soft-Torso-connect-Muscle-Tissue-L
305118,UX-Soft-Torso-connect-Rigid-L
305119,UX-Soft-Torso-connect-Null-L
305121,UX-Soft-UpperArm-Skin-L
305122,UX-Soft-UpperArm-Fat-Tissue-L
305123,UX-Soft-UpperArm-Muscle-Tissue-L
305128,UX-Soft-UpperArm-Rigid-L
305129,UX-Soft-UpperArm-Null-L
305131,UX-Soft-Elbow-Skin-L
305132,UX-Soft-Elbow-Fat-Tissue-L
305133,UX-Soft-Elbow-Muscle-Tissue-L
305138,UX-Soft-Elbow-Rigid-L
305139,UX-Soft-Elbow-Null-L
305141,UX-Soft-LowerArm-Skin-L
305142,UX-Soft-LowerArm-Fat-Tissue-L
305143,UX-Soft-LowerArm-Muscle-Tissue-L
305148,UX-Soft-LowerArm-Rigid-L
305149,UX-Soft-LowerArm-Null-L
305151,UX-Soft-Wrist-Skin-L
305152,UX-Soft-Wrist-Fat-Tissue-L
305153,UX-Soft-Wrist-Muscle-Tissue-L
305158,UX-Soft-Wrist-Rigid-L
305159,UX-Soft-Wrist-Null-L
305161,UX-Soft-Hand-Skin-L
305162,UX-Soft-Hand-Fat-Tissue-L
305163,UX-Soft-Hand-Muscle-Tissue-L
305168,UX-Soft-Hand-Rigid-L
305169,UX-Soft-Hand-Null-L
305171,UX-Soft-Finger-Skin-L
305172,UX-Soft-Finger-Fat-Tissue-L
305173,UX-Soft-Finger-Muscle-Tissue-L
305178,UX-Soft-Finger-Rigid-L
305179,UX-Soft-Finger-Null-L
355101,UX-Soft-whole-interior-Skin-R
355102,UX-Soft-whole-interior-Fat-Tissue-R
355103,UX-Soft-whole-interior-Muscle-Tissue-R
355108,UX-Soft-whole-interior-Rigid-R
355109,UX-Soft-whole-interior-Null-R
355111,UX-Soft-Torso-connect-Skin-R
355112,UX-Soft-Torso-connect-Fat-Tissue-R
355113,UX-Soft-Torso-connect-Muscle-Tissue-R
355118,UX-Soft-Torso-connect-Rigid-R
355119,UX-Soft-Torso-connect-Null-R
355121,UX-Soft-UpperArm-Skin-R
355122,UX-Soft-UpperArm-Fat-Tissue-R
355123,UX-Soft-UpperArm-Muscle-Tissue-R
355128,UX-Soft-UpperArm-Rigid-R
355129,UX-Soft-UpperArm-Null-R
355131,UX-Soft-Elbow-Skin-R
355132,UX-Soft-Elbow-Fat-Tissue-R
355133,UX-Soft-Elbow-Muscle-Tissue-R
355138,UX-Soft-Elbow-Rigid-R
355139,UX-Soft-Elbow-Null-R
355141,UX-Soft-LowerArm-Skin-R
355142,UX-Soft-LowerArm-Fat-Tissue-R
355143,UX-Soft-LowerArm-Muscle-Tissue-R
355148,UX-Soft-LowerArm-Rigid-R
355149,UX-Soft-LowerArm-Null-R
355151,UX-Soft-Wrist-Skin-R
355152,UX-Soft-Wrist-Fat-Tissue-R
355153,UX-Soft-Wrist-Muscle-Tissue-R
355158,UX-Soft-Wrist-Rigid-R
355159,UX-Soft-Wrist-Null-R
355161,UX-Soft-Hand-Skin-R
355162,UX-Soft-Hand-Fat-Tissue-R
355163,UX-Soft-Hand-Muscle-Tissue-R
355168,UX-Soft-Hand-Rigid-R
355169,UX-Soft-Hand-Null-R
355171,UX-Soft-Finger-Skin-R
355172,UX-Soft-Finger-Fat-Tissue-R
355173,UX-Soft-Finger-Muscle-Tissue-R
355178,UX-Soft-Finger-Rigid-R
355179,UX-Soft-Finger-Null-R
